Stock,Model,MSE,MAE,R2,Accuracy,F1
1301,LSTM,12.713026,2.2933416,0.9372921,0.47146401985111663,0.46893637931255866
2330,LSTM,47405.297,153.54324,-0.19564176,0.47890818858560796,0.4232370974306458
2882,LSTM,28.818457,3.5368638,0.68451464,0.46898263027295284,0.44770332850595845
1734,LSTM,1.0909278,0.9187515,0.59906125,0.48883374689826303,0.3332338542015961
3008,LSTM,6370.716,63.537617,0.9153337,0.49379652605459057,0.47271327115598527
