Stock,Model,MSE,MAE,R2,Accuracy,F1
1301,TCN,2.1258888,1.1224163,0.9895139,0.47642679900744417,0.4754625658634982
2330,TCN,358.14362,13.663525,0.99096704,0.5161290322580645,0.5076591248145463
2882,TCN,1.2158238,0.7983827,0.98669,0.4640198511166253,0.378589885102883
1734,TCN,0.73057646,0.7634297,0.7314979,0.511166253101737,0.37538159087409273
3008,TCN,5466.794,59.911835,0.92734677,0.5285359801488834,0.45057759777471695
