Stock,Model,MSE,MAE,R2,Accuracy,F1
1301,Transformer,5.8424172,1.4285566,0.97118187,0.5136476426799007,0.49778562917226726
2330,Transformer,50237.71,159.90488,-0.2670802,0.4813895781637717,0.4698255047080885
2882,Transformer,20.465479,2.739677,0.7759575,0.5707196029776674,0.5566063041373595
1734,Transformer,0.736532,0.7657286,0.72930914,0.5086848635235732,0.40015579800526035
3008,Transformer,3547.593,47.206856,0.9528528,0.6104218362282878,0.5715449118564452
